origen,destino,peso,likes,respuestas,tipo_arista
UC-HeUTT6_g-VoiWds2a4H-w,6W4u8sGEnGM,1,0,0,autor-video
UC-Iul5tDYH_oiAMXQH-KaaQ,6W4u8sGEnGM,1,1,0,autor-video
UC-QOpE7GOxlXcHZ8b7HbQKA,OkXlHx0hx-8,2,0,0,autor-video
UC-fiZBS5Gp1eCJd9ucgWnCg,j43HgwYFKfk,1,6,0,autor-video
UC-hfX8J5JPJ-dfuakzegMLA,n8iP75gIpmw,1,6,0,autor-video
UC-jS_kA9w-OmpupXDx156Rg,n8iP75gIpmw,1,2,0,autor-video
UC-pNP6RMFuLg_-x7Ah_0kEA,n8iP75gIpmw,1,5,0,autor-video
UC094EFEmMSdwVa8NQjjYBXg,b_Hkrkl3adA,1,0,0,autor-video
UC0HvfEWozTHbwl_iEmJNvVA,6W4u8sGEnGM,1,3,0,autor-video
UC0RpuMwkDKJYqgKHtsJRuWQ,lj983NWyAQY,1,113,1,autor-video
UC0aEyakBPqcBkVJiErfSupQ,lj983NWyAQY,1,70,0,autor-video
UC14qlobYKqD-DO0j6b75lcA,6W4u8sGEnGM,1,0,0,autor-video
UC1DpqK6vaPEkBOMNvypsKYg,j43HgwYFKfk,1,0,0,autor-video
UC1NiEdJ7gk6FlDexIalWnGg,6W4u8sGEnGM,1,0,0,autor-video
UC1WlJfQmaIskYhP4gmWoamw,OkXlHx0hx-8,1,2,1,autor-video
UC1Y7x3h0c95Z8kUhi-Tzaeg,PjmxCj-a9Hg,1,0,0,autor-video
UC1vr9aaMI2crB0NvwFHUeoQ,n8iP75gIpmw,1,0,0,autor-video
UC2Y_EHWQKevubk4vOEBBFxw,n8iP75gIpmw,1,1,0,autor-video
UC2ngpd8UBQu4gcUYy0goAtg,06mFNPU0aB8,1,0,0,autor-video
UC2weSE8rpqkGMOp6StYtVfg,n8iP75gIpmw,1,1,0,autor-video
UC32oozucwCF3q8d4m8fyOUg,j43HgwYFKfk,1,0,0,autor-video
UC3E9mAgP7VoAE5mZoAexl5g,n8iP75gIpmw,1,0,0,autor-video
UC3MYTqpQqlWBuCB7Th0e0PA,n8iP75gIpmw,1,4,0,autor-video
UC3NMzdMYryaw82kPTnsaljg,n8iP75gIpmw,1,0,0,autor-video
UC3UVO7pTbeYvZ3ILEyRDskQ,j43HgwYFKfk,1,1,0,autor-video
UC3XTwHxygNCgjndsg-UiCQA,n8iP75gIpmw,3,2,0,autor-video
UC3YpzAr7pcdKC7BVFEpYzog,6W4u8sGEnGM,1,4,1,autor-video
UC3iIU62XKUOWuqL8BqBzj9A,b_Hkrkl3adA,1,0,0,autor-video
UC3qn1yJA5PeW9rkGPatQxiw,n8iP75gIpmw,1,7,0,autor-video
UC4Avya4kmR4Q0FrfFdBozSQ,j43HgwYFKfk,1,11,0,autor-video
UC4cXueR2bKGFJV0Fk76gwmA,n8iP75gIpmw,1,0,0,autor-video
UC4kg7zuTfqQKLd2bkZrSYBA,is3Mk5oC19g,1,0,0,autor-video
UC4wq3DcbfaG6dtCqn8Oyu3w,n8iP75gIpmw,1,1,0,autor-video
UC5H8ASmMC9WrURmzeB4ySog,n8iP75gIpmw,5,6,0,autor-video
UC5PrBbmUlQolwqmiru7yZhw,b_Hkrkl3adA,1,0,1,autor-video
UC5PyGvSfFM--OVKmQ3COu6g,lj983NWyAQY,1,3,0,autor-video
UC5bG9nc_JV3FsNP2KseQiYw,n8iP75gIpmw,1,2,0,autor-video
UC5fvhAfm89JH8eDFdvc0xYw,lj983NWyAQY,1,0,0,autor-video
UC5hvEnRUzI4Kfvwnyi4QxqQ,j43HgwYFKfk,1,2,0,autor-video
UC5wuDq3U3vRAhOQI3D7gNdw,ndAZjHqzzT8,1,2,1,autor-video
UC63tFvbQ_hJhGDi2nbjssjw,6W4u8sGEnGM,1,2,0,autor-video
UC650pRT-OYzny3GwOH8Cgfw,n8iP75gIpmw,1,1,0,autor-video
UC6PvO1_k5lHKGdAPo5_C6TA,n8iP75gIpmw,1,1,0,autor-video
UC6Uj1FT5JjDSF8vudvDxPAA,j43HgwYFKfk,1,1,0,autor-video
UC6YSZqL0vEcI-niPKIMUGfw,n8iP75gIpmw,1,2,0,autor-video
UC6xI_MOaxajIWpoP8BH6E_Q,s0eco-BofOs,1,0,0,autor-video
UC72gBAtyb_VXQlYDcFrh6oQ,n8iP75gIpmw,3,19,0,autor-video
UC7IMsCxfZyWN7YQo8-JYa6Q,PjmxCj-a9Hg,2,1,0,autor-video
UC7VUuJr9cGh845CmTvf7TlQ,n8iP75gIpmw,1,1,0,autor-video
UC7dadZG7kkGYnsNu6td0FbA,j43HgwYFKfk,1,18,0,autor-video
UC816IGbFCZinfYS1LRDaaHg,j43HgwYFKfk,1,1,0,autor-video
UC8F2V63KZ4ZEay6opX2hAQw,n8iP75gIpmw,1,0,0,autor-video
UC8G5cJONY8L9voMyBW8Eoug,n8iP75gIpmw,1,0,0,autor-video
UC8r11yOugM2NuRfitQOxLLg,n8iP75gIpmw,1,1,0,autor-video
UC8xlJWNHz1V_W6q3fbuQH8g,PjmxCj-a9Hg,1,1,0,autor-video
UC95PSMouTx2N5CbSq0hIyrQ,j43HgwYFKfk,1,0,0,autor-video
UC9Wp6vL5oCU37qC3Aj94WZA,b_Hkrkl3adA,1,0,0,autor-video
UC9vMq1YF-e7C-VO0SHkbUTA,n8iP75gIpmw,4,0,0,autor-video
UC9xr9QvIcDvoZNUX5f-jaZw,n8iP75gIpmw,1,0,0,autor-video
UCA93ym2TXs_Ibyxb4Vcn-6Q,n8iP75gIpmw,1,0,0,autor-video
UCAKuKvcbfnBD3kF5njNu-IA,j43HgwYFKfk,1,0,0,autor-video
UCAV7QIjYhbDJaycQycM_0eQ,PjmxCj-a9Hg,1,3,0,autor-video
UCAlzM_N6xBlMYmM8EBzX86Q,n8iP75gIpmw,1,3,0,autor-video
UCAmtbUiIrUIhikru0ZoTFig,n8iP75gIpmw,1,7,0,autor-video
UCAxvOOHQk7dYPOajzFEVtbA,06mFNPU0aB8,2,0,0,autor-video
UCB5p8a5gklc80jJItP6xTHg,n8iP75gIpmw,1,6,0,autor-video
UCBlm80VQ4YoV3bUJR_XhkaQ,OkXlHx0hx-8,2,0,3,autor-video
UCBtB5dIyx-C16UN8ClUD2UA,is3Mk5oC19g,1,0,0,autor-video
UCCBYcToQ2dwkd6TJh0FSyDg,j43HgwYFKfk,1,0,0,autor-video
UCCUmP4PlbwgikVFpYwbtRTg,yLZS3JiEBg8,1,3,0,autor-video
UCCaYwkkbQGcvFoUmothVdQQ,n8iP75gIpmw,1,0,0,autor-video
UCDIMztpVm7G27qBuiWuT6oQ,n8iP75gIpmw,1,0,0,autor-video
UCDPWkUX3sNNaCx-m1dV4glA,n8iP75gIpmw,1,0,0,autor-video
UCDQaQv0hr2SS_PO-CMEwVHg,n8iP75gIpmw,1,1,0,autor-video
UCDUffaruH6dyUnUGwsTKpgg,n8iP75gIpmw,1,2,0,autor-video
UCDftMWXQoJ6nONfY7GVOVjg,n8iP75gIpmw,1,0,0,autor-video
UCDlr1VadSucIZgZ171pRBjQ,n8iP75gIpmw,1,0,0,autor-video
UCDrmf9y9nLgFY5wnA2hTuGA,j43HgwYFKfk,1,1,0,autor-video
UCEHXl4VvvVpq-_4xC5tsbhg,6W4u8sGEnGM,1,7,0,autor-video
UCEgEQmRbtL5fwr9_DqAC--g,n8iP75gIpmw,1,2,0,autor-video
UCErZPJpHmLCsXs8ZWkAUupQ,n8iP75gIpmw,1,2,1,autor-video
UCFFrEmn6lPYiWyElpfzTy5Q,is3Mk5oC19g,1,0,0,autor-video
UCFOxCyF926Y9eHhMeVoWLzw,lj983NWyAQY,1,3,0,autor-video
UCFUuDARXdmmIrLppEqf-rFg,n8iP75gIpmw,1,0,0,autor-video
UCFhxtoeARHPnXXPcDrOU3Xg,n8iP75gIpmw,1,2,0,autor-video
UCFjudnPLoaSL1BaRuLahyHg,n8iP75gIpmw,3,3,0,autor-video
UCFoIAE8k82D6AV-8gjjKaNg,n8iP75gIpmw,1,1,1,autor-video
UCFxE8GbokBrBsPEKM1xrOjQ,n8iP75gIpmw,1,10,0,autor-video
UCFybmWapGvBKcQod7cPPH9w,6W4u8sGEnGM,1,1,0,autor-video
UCGGHbtfbbe0o68etrOf0qxw,j43HgwYFKfk,1,0,0,autor-video
UCGX_UbAQOXGZknv5iqklwTA,PjmxCj-a9Hg,1,1,0,autor-video
UCGZMgmM92E3njyXNe9-kjAQ,OkXlHx0hx-8,1,2,1,autor-video
UCGj2v6Gl5bN8NSrzJMXS-CA,WIUZtitfLRw,1,0,0,autor-video
UCGm3gRBEHGRJYmtCryZLtDw,b_Hkrkl3adA,1,0,0,autor-video
UCGqKxQS-z3NZzZF-2w338AA,lj983NWyAQY,1,211,3,autor-video
UCGzXwyCzMzGmjmCbH3Hg01Q,n8iP75gIpmw,1,2,0,autor-video
UCHGd14aYuZZShLD73dkk6mg,JkpVO1hx2f8,1,0,0,autor-video
UCHMQ_lDhibZ-XZ_3fo6oxwg,lj983NWyAQY,1,16,0,autor-video
UCHTGCgY2l-DQJIvlA_cpa_Q,PjmxCj-a9Hg,1,1,0,autor-video
UCHTGCgY2l-DQJIvlA_cpa_Q,n8iP75gIpmw,2,13,0,autor-video
UCHbwIx9pmQuf7i-4_xO2EpA,j43HgwYFKfk,1,0,0,autor-video
UCHhHUjaMAZ8SiXdCUCj9DkQ,n8iP75gIpmw,2,3,0,autor-video
UCHu8x4MVkayU6VgwVKd--MQ,b_Hkrkl3adA,1,1,0,autor-video
UCIUhbSCy3-SGRe5UtqM4fzQ,lj983NWyAQY,1,1,0,autor-video
UCIXLDYqR_syskKRJy_x9W9Q,06mFNPU0aB8,1,0,0,autor-video
UCIgoiXdIKJyUGmUoH2Lxdzg,OkXlHx0hx-8,1,3,0,autor-video
UCIp19h9igblA2YKfSLPDAug,lj983NWyAQY,1,14,1,autor-video
UCJp3OrVYcBorC94sKwdch_A,ndAZjHqzzT8,1,0,0,autor-video
UCJxJC56BSAX-ArD0NAb9qnQ,3Nfp9h5avBI,1,0,0,autor-video
UCKDR0f2fu2UzWL8mBv5-BHw,n8iP75gIpmw,1,0,0,autor-video
UCKVzDUqbtdSMBcexaEtMmzQ,TT4qJ5FXHYE,1,0,0,autor-video
UCL13XhnRzbGokEkCkEOb0-g,n8iP75gIpmw,2,8,0,autor-video
UCL1MT278vSaQ83ZDkVWn1gw,n8iP75gIpmw,1,20,0,autor-video
UCLFdHr9BEbXHkoJopbEPLZw,n8iP75gIpmw,2,24,0,autor-video
UCLXYp1Cvc5DLtq5UQL5D9vw,06mFNPU0aB8,1,3,1,autor-video
UCLggDc_a5HriXv7I1h02sOA,n8iP75gIpmw,2,7,0,autor-video
UCLh1Kde4_vI1sTZBkTNP7RQ,is3Mk5oC19g,1,0,0,autor-video
UCN2N_wYOw6fMwCeSzdXLPIw,PjmxCj-a9Hg,1,0,0,autor-video
UCN6qbfPSzFtjhqUDZ3Cv3CQ,n8iP75gIpmw,1,2,0,autor-video
UCNBnKqWf4d-rS4HwJRQljmQ,n8iP75gIpmw,2,1,0,autor-video
UCNIeXbV_mEwpa412h1aqUWw,PjmxCj-a9Hg,3,3,1,autor-video
UCNiMNUJvaRJb0_QLClqwVnA,TT4qJ5FXHYE,1,2,0,autor-video
UCNkcuy42zEwddwEcOd_HpnA,n8iP75gIpmw,1,3,0,autor-video
UCNpt5CQlTzNjlAKY6CJtClQ,j43HgwYFKfk,1,0,0,autor-video
UCO0zwwLWGyDgQmWPJ5Qrr1w,06mFNPU0aB8,1,3,0,autor-video
UCOARn3hnfkB7-_Rwa8Hoqcw,WIUZtitfLRw,1,0,0,autor-video
UCOLGv5Pf6BF2wFcwUzgcvHg,n8iP75gIpmw,2,4,0,autor-video
UCOLHH4ZpMxPYF-Q6e6wvn5A,OkXlHx0hx-8,1,2,1,autor-video
UCOS8ViEkccrTZx2w2ccxotA,n8iP75gIpmw,1,4,0,autor-video
UCOY3XpD9qMCRSA8AA8c4CAw,yLZS3JiEBg8,1,1,0,autor-video
UCOcUI5XkTYNMSFhZNMIPpGg,j43HgwYFKfk,1,3,0,autor-video
UCOh6DaZC_x9HASnlRylEMfw,n8iP75gIpmw,1,0,0,autor-video
UCPLW0HE3siElqCgXfgWxMqg,X_FAIef8qlE,1,0,0,autor-video
UCPNXmbOBVeC4HS-xemvcPtQ,OkXlHx0hx-8,1,2,3,autor-video
UCPZueDLrCS4BmTBRMA4q0fA,PjmxCj-a9Hg,1,1,1,autor-video
UCQIdKuZ-OzuFqy0KjGrgesg,JkpVO1hx2f8,1,1,0,autor-video
UCQM2tCKRRytVDRxNUfCDqQQ,zweosulrwA8,1,0,0,autor-video
UCQMMuADgqWUOcJpLwHOzC-g,OkXlHx0hx-8,1,0,0,autor-video
UCQ_-LPP8JAbfkc-b1Q6NvWw,n8iP75gIpmw,2,31,0,autor-video
UCQgYjVngJRfPHDLGB5X6ZjA,n8iP75gIpmw,1,0,0,autor-video
UCQqetiwzzmRNTM5OWuXarGQ,n8iP75gIpmw,1,1,0,autor-video
UCQqlPPUGqAfWjd-FSh_qn7Q,j43HgwYFKfk,1,0,0,autor-video
UCQtICyzWmhC5woCtbNgaSmg,n8iP75gIpmw,2,5,0,autor-video
UCQtSFINs1h6GHkpg9o5kMvg,n8iP75gIpmw,1,12,0,autor-video
UCQyOePccUP-fIJYzchAgZYw,j43HgwYFKfk,1,0,0,autor-video
UCRAquv8el-tQ30bN7MlmySQ,j43HgwYFKfk,1,4,0,autor-video
UCRETAiYdh2dL5ZxB0_N1zDA,n8iP75gIpmw,1,0,0,autor-video
UCRcSR3Lvn9DZAmJpVPANfZQ,lj983NWyAQY,1,68,0,autor-video
UCRelkU8JiZBytTzebJxaa-w,n8iP75gIpmw,1,3,0,autor-video
UCRfkkatKrNtAARnXMMYBGlA,6W4u8sGEnGM,1,0,0,autor-video
UCRlCV9zSn7avAWh-9_XFWqQ,n8iP75gIpmw,1,1,0,autor-video
UCRvPToDkkumha7WJAfCDk1A,j43HgwYFKfk,1,0,0,autor-video
UCRznz9-N3Qc1w-qNdLSIY2Q,lj983NWyAQY,1,14,0,autor-video
UCSTAUWVc1_82DHYeqOsqEFA,lj983NWyAQY,1,191,2,autor-video
UCSou6a2OuYGSvPjm5psquyA,n8iP75gIpmw,1,0,0,autor-video
UCTD6q1nyIe3Y7HhqjaMj72w,n8iP75gIpmw,1,8,0,autor-video
UCTP3O0rMnc8z8v8jaDQwL0w,n8iP75gIpmw,1,1,0,autor-video
UCTTILH6QCIxbTnEWxwRqs1g,yLZS3JiEBg8,1,0,0,autor-video
UCThW2XNsAaBKme5PUt7n-Zg,n8iP75gIpmw,1,0,0,autor-video
UCTwSut16JyAg3mX6LVUNGqA,n8iP75gIpmw,1,0,0,autor-video
UCTylKrsqkrBKIqubMu_5N0Q,n8iP75gIpmw,1,1,0,autor-video
UCUIIIPTVDVHAXqhC_5V6lPA,n8iP75gIpmw,1,0,0,autor-video
UCUoYsrx1oZnCZ0usbBJn4fA,j43HgwYFKfk,1,1,0,autor-video
UCV0iizTBoOfdAFX_thfI9BA,n8iP75gIpmw,1,0,0,autor-video
UCV0lM03g5fg5pbPj97-sAtA,j43HgwYFKfk,1,1,0,autor-video
UCV3fr-YOixFKCZBbJP1-X4w,6W4u8sGEnGM,5,17,0,autor-video
UCVC2QugcI1G4RvlCiUqd1aQ,ndAZjHqzzT8,2,0,0,autor-video
UCVQf0tzL7xRzFJsABVVULpg,PjmxCj-a9Hg,1,0,0,autor-video
UCVdjCrh4tQoX3haNAZv-n5A,OkXlHx0hx-8,1,3,1,autor-video
UCVhif9eV0f8plICen2DnpKA,WIUZtitfLRw,1,0,0,autor-video
UCW-JC6lebVmf2P1dmY_L94g,j43HgwYFKfk,1,0,0,autor-video
UCW80DaMjQlEUibC98Cot-Dg,j43HgwYFKfk,1,0,0,autor-video
UCWIZUtKJ636y-4TYrNvok0g,n8iP75gIpmw,1,5,0,autor-video
UCWWkebAekppaL5b5CNlppuw,JkpVO1hx2f8,1,3,0,autor-video
UCWaRixDdpgllTBf4V0jPnKQ,6W4u8sGEnGM,2,0,0,autor-video
UCWoAVGVqCn4xtINCMOTM4jg,j43HgwYFKfk,1,0,0,autor-video
UCWvntqPQx99k_Z_skWKqNSA,6W4u8sGEnGM,1,2,1,autor-video
UCXN2s7DwTJm33xO-pNkAdaA,06mFNPU0aB8,1,0,0,autor-video
UCXO1BBohNWXkK9SBDAG2ySg,yLZS3JiEBg8,1,0,0,autor-video
UCXSkL3ejZ8qWYyF_M7s_QKA,n8iP75gIpmw,1,0,0,autor-video
UCXVLc8CmAO813ubM-fLvCDw,yLZS3JiEBg8,1,7,0,autor-video
UCXXh7yg5KUFIWylTiKVEFKQ,n8iP75gIpmw,2,2,0,autor-video
UCXgr7vXlRrsaskPdo097kGA,n8iP75gIpmw,1,0,0,autor-video
UCXl30Y_upRqbti52fmjK4YA,yLZS3JiEBg8,1,0,0,autor-video
UCXmrpc6Li0spcKxtS0Q_ptg,lj983NWyAQY,1,10,0,autor-video
UCXr8_5WtGeipe4haOoQDgyQ,n8iP75gIpmw,1,0,0,autor-video
UCY7Hq7F9Lnucf-Yr6JkHZNw,lj983NWyAQY,1,79,0,autor-video
UCYN4wSQ1Sx4_LurxLlW7MPg,n8iP75gIpmw,1,0,0,autor-video
UCYwpX26TrCxq8TvbKGRYLXA,n8iP75gIpmw,1,3,0,autor-video
UCZ51R_9Q9C0c8I3pAWhtmjQ,n8iP75gIpmw,1,8,0,autor-video
UCZFQwqh90apuL8eFhvRBkUg,6W4u8sGEnGM,1,9,0,autor-video
UCZIQnb1fkwe39Iw2TAu-bGA,WIUZtitfLRw,1,1,0,autor-video
UCZLG9qH0tUjNhEGFIUt0CYw,n8iP75gIpmw,1,1,0,autor-video
UCZOmq6MwFDVoCaEl99BRRaw,ndAZjHqzzT8,1,0,0,autor-video
UCZeIIQrGAedW8tCbKWmGY-A,j43HgwYFKfk,1,9,0,autor-video
UCZjm6U576nX8WOiLhmMR3bw,OkXlHx0hx-8,1,3,1,autor-video
UC_3xuTXvMIWU5MYP9HkJ3vQ,06mFNPU0aB8,1,4,0,autor-video
UC_6KbBY1bsYXz9fwFS0eQRg,ndAZjHqzzT8,1,0,0,autor-video
UC_LYoGs5C3mbZKZuKuqYCvw,j43HgwYFKfk,1,7,0,autor-video
UC_NRVt2UP88ZNTwzrZ66JSg,UhL9y3KUl8E,1,2,0,autor-video
UC_ljZ1hZXR9pzexFz87P5ZA,lj983NWyAQY,1,0,0,autor-video
UCa36MjQLoPAmgJo-R3G8WQA,6W4u8sGEnGM,1,3,0,autor-video
UCaKAjTW9MVub_clgr4DRYjQ,j43HgwYFKfk,1,6,0,autor-video
UCaT4saRcyqCLE657Rq2hhZQ,6W4u8sGEnGM,1,0,0,autor-video
UCaT6M2zp7X6r6Whd8Vv3kHQ,lj983NWyAQY,1,1,0,autor-video
UCat2qkYvqmtDNEmo2PVuhXw,OkXlHx0hx-8,1,1,0,autor-video
UCbNanjFI51cwGqMAb2rOrBw,OkXlHx0hx-8,1,0,0,autor-video
UCbYoNG5J3Au5BqtbXogfEFw,PjmxCj-a9Hg,1,1,0,autor-video
UCbrtvygfRT6QXqWDNrOf-cA,ndAZjHqzzT8,1,0,0,autor-video
UCbrtvygfRT6QXqWDNrOf-cA,yLZS3JiEBg8,1,0,0,autor-video
UCcFIBN-rtC3d3hXeuN5TfWw,yLZS3JiEBg8,1,0,0,autor-video
UCc_F88PzGWtA1OPNUEASulA,yLZS3JiEBg8,1,0,0,autor-video
UCcfdg8crmMJwEuLUsAhV7yg,n8iP75gIpmw,1,1,0,autor-video
UCdFlugHJJa4l3YqWuNRmvXw,is3Mk5oC19g,1,0,1,autor-video
UCdFlugHJJa4l3YqWuNRmvXw,j43HgwYFKfk,1,0,0,autor-video
UCdQAuWwyC99MB7Y02Umj26Q,yLZS3JiEBg8,1,0,0,autor-video
UCe8JZoYkX5oKUZyivHYdXhw,j43HgwYFKfk,1,0,0,autor-video
UCeDNEtI8_a42bZ47wJiJMwQ,j43HgwYFKfk,1,0,0,autor-video
UCeQk-WfEA-cJRq4EKeE7TOw,6W4u8sGEnGM,1,0,0,autor-video
UCefAH1MbvADWUjE9WVcB9EQ,yLZS3JiEBg8,1,0,0,autor-video
UCf5lnNZF7Qrtli9v4N_23WQ,PjmxCj-a9Hg,1,0,0,autor-video
UCfM3nrxtTQMY5jFx1v1J4Gg,n8iP75gIpmw,1,0,0,autor-video
UCfRqgt2O-vjzUDMZY_tnxQw,is3Mk5oC19g,1,0,0,autor-video
UCfXykdbSU97rj987LDUGfvg,06mFNPU0aB8,1,1,0,autor-video
UCfjhejO7LZy4doXURa7LZCQ,06mFNPU0aB8,1,0,0,autor-video
UCfo_yUPzy1f1POwwZxhZ06Q,6W4u8sGEnGM,1,1,0,autor-video
UCg3eIfd7BrsLEqS0BLkftHA,PjmxCj-a9Hg,3,0,0,autor-video
UCgGqw4aqMdMVSGkKiMgrJRQ,6W4u8sGEnGM,1,0,0,autor-video
UCgJNFj5dnxXpcMvmuhZDPxA,j43HgwYFKfk,1,1,0,autor-video
UCgLrWFdYitoP-b7-PxtUr-w,lj983NWyAQY,1,405,3,autor-video
UCgLurCo-e019HGODcjXHWCw,lj983NWyAQY,1,2,0,autor-video
UCgQJgI9vu1FI2dnC9mrFthw,PjmxCj-a9Hg,1,2,0,autor-video
UCgQw_Sbq3ugruDUKsq1e0-A,j43HgwYFKfk,1,0,0,autor-video
UCgvw7xIdGFupzpt1Y_BFkEA,n8iP75gIpmw,1,1,0,autor-video
UCh5ESQvtzyHDhCA7XyekCFA,n8iP75gIpmw,3,4,0,autor-video
UChT7pzGytNd92Nmvi-zuWog,yLZS3JiEBg8,1,1,0,autor-video
UChZknRmJkeGeQk0-mQuhDOg,n8iP75gIpmw,1,1,0,autor-video
UCheEJ5GZuIvV0fj-nXyVwXw,6W4u8sGEnGM,1,0,0,autor-video
UChep9kVb5gQmpodEEl10Xlg,n8iP75gIpmw,1,0,0,autor-video
UChgkn5Jt5tWKYMoEOuCjz3Q,n8iP75gIpmw,1,2,0,autor-video
UChs3tU2BcKOT0CezykvAsGw,n8iP75gIpmw,3,4,0,autor-video
UChyps3dqY-VY1_wLeq-2lhw,6W4u8sGEnGM,1,14,1,autor-video
UCi-vPdnpQreC7BkFs40mJGA,lj983NWyAQY,1,35,0,autor-video
UCi1b_TRQfgO1Z9O2gNGGWNA,n8iP75gIpmw,2,0,0,autor-video
UCi2KiZq63sRq8Mfbcp-MelQ,OkXlHx0hx-8,6,1,0,autor-video
UCiC-Jn7wdgyQV4_Urk0DkWQ,j43HgwYFKfk,1,1,0,autor-video
UCiGRBf2RNF0WRKhRVT7zFoA,n8iP75gIpmw,1,0,0,autor-video
UCiMythXHsw7eQEMykCdmMUA,n8iP75gIpmw,1,2,0,autor-video
UCiOZX__1gahg1ypIj0_XG_w,6W4u8sGEnGM,1,1,0,autor-video
UCipetjeiWj4CZB6EbyYziZg,n8iP75gIpmw,1,0,0,autor-video
UCj-LL25XJnjxepPKCc3NGog,n8iP75gIpmw,1,1,0,autor-video
UCjJf-AJKRFFWtiN-CSwkDmA,ndAZjHqzzT8,1,0,0,autor-video
UCjSKM9j0Q7HLDr1hD6D-TUw,n8iP75gIpmw,1,2,0,autor-video
UCjZgFEowMBrsjodqfovzdKw,06mFNPU0aB8,1,0,0,autor-video
UCjZgFEowMBrsjodqfovzdKw,6W4u8sGEnGM,1,0,0,autor-video
UCjmPuazZJzscrwvk0QR9RVw,n8iP75gIpmw,1,2,0,autor-video
UCk4O-J1BhoqPmig1KLGJePA,is3Mk5oC19g,1,0,0,autor-video
UCkVtmkK07b2zaVVNssX4lOg,j43HgwYFKfk,1,0,0,autor-video
UCkbsS_3D-pvg1iHOld9uvIg,j43HgwYFKfk,1,0,0,autor-video
UCkd9W714-947dEE6ZOEBATA,n8iP75gIpmw,2,3,0,autor-video
UCkxdJ_yGN2gghOMo2ybQtXQ,yLZS3JiEBg8,1,1,0,autor-video
UCl0ekS9Tt0jJGtOEM18S63w,n8iP75gIpmw,1,0,0,autor-video
UCld2stqxaVSk0QdGncM224A,TT4qJ5FXHYE,1,4,0,autor-video
UClhMWQ7XKWywYvbRnuf8QsA,j43HgwYFKfk,1,0,0,autor-video
UCljDbleJul41G1TzOjOZAVA,n8iP75gIpmw,1,1,0,autor-video
UClqA491Xa5fQcXcJJa-vTWw,j43HgwYFKfk,1,0,0,autor-video
UClsrFGJKWPxxw7MiaEdKLXw,PjmxCj-a9Hg,1,3,2,autor-video
UCmjppp6ujz3SAnULvP3sZMw,n8iP75gIpmw,1,0,0,autor-video
UCmvOgzmmXbjUthHy-WJ52hQ,n8iP75gIpmw,1,1,0,autor-video
UCnU8wO1OurAmGstDw6VGjgQ,ndAZjHqzzT8,1,0,0,autor-video
UCoGdCoJg2Lh0OX_jv6cG16g,6W4u8sGEnGM,2,2,0,autor-video
UColMq7LmaoY3MT6aIDGrGvA,j43HgwYFKfk,1,0,0,autor-video
UCozFYHN0e_-vlQbX3wQGOug,OkXlHx0hx-8,1,5,2,autor-video
UCp29O_C7cchZV8IxV7Crdag,6W4u8sGEnGM,2,0,0,autor-video
UCp4iw5_5SmV9VGTFSNVGOmQ,n8iP75gIpmw,1,0,0,autor-video
UCpIdtvoFHVLGASGB5ySqIEA,n8iP75gIpmw,1,1,0,autor-video
UCp_dAUfv8i3LW3zWc24dLaQ,OkXlHx0hx-8,1,1,0,autor-video
UCpe5jW3MIqkgTJ-PgkzvM6Q,j43HgwYFKfk,1,1,0,autor-video
UCpl8rF8uv_8uui-QRvuJaRA,n8iP75gIpmw,1,0,0,autor-video
UCplrIQtaPj6au60_f2-mOYw,n8iP75gIpmw,1,0,0,autor-video
UCpsKOkt5iWTbenzeuq7dsmQ,j43HgwYFKfk,1,2,0,autor-video
UCpsKOkt5iWTbenzeuq7dsmQ,n8iP75gIpmw,1,1,0,autor-video
UCpsKOkt5iWTbenzeuq7dsmQ,ndAZjHqzzT8,1,1,0,autor-video
UCq3mDTTRZnUybct5M9OSXbg,06mFNPU0aB8,1,1,0,autor-video
UCqCrvuoJpC-aVb0f4logQRQ,j43HgwYFKfk,1,0,0,autor-video
UCqilIa8r7iek5sGYg_q6ofA,lj983NWyAQY,1,52,1,autor-video
UCql1n3Ey6ULMSOACjMe-fxQ,6W4u8sGEnGM,1,6,7,autor-video
UCr1emrogPKkKTs_WTtx71xg,n8iP75gIpmw,1,0,0,autor-video
UCrJn_rbo_ENAdeqneS-RmRw,n8iP75gIpmw,2,1,0,autor-video
UCrqXyRsg-_hTosURZ-uvoKg,OkXlHx0hx-8,1,0,0,autor-video
UCsGoJEvb-cFPZ2rWoJcXzEQ,j43HgwYFKfk,1,10,0,autor-video
UCsJJAvrVGupdmhOqgtDp8dg,n8iP75gIpmw,1,1,0,autor-video
UCsSXdJct-nsS8DsABoEsaYA,n8iP75gIpmw,1,2,1,autor-video
UCsUCN0Yq_UyTvKjOJLmNrnQ,b_Hkrkl3adA,1,0,0,autor-video
UCsUCN0Yq_UyTvKjOJLmNrnQ,n8iP75gIpmw,1,0,0,autor-video
UCs_5qeqdku9tGAq22y3OcuQ,lj983NWyAQY,1,4,0,autor-video
UCsjs5Hp_r86x1xbK6FAeqaA,n8iP75gIpmw,1,2,0,autor-video
UCtCtts20bW6F9CSohau51Iw,6W4u8sGEnGM,2,0,0,autor-video
UCtMBF_1O2jY2INlb_luuB_A,lj983NWyAQY,1,15,0,autor-video
UCtNfIBnc5S5DbbQj_yxgJTw,n8iP75gIpmw,1,1,0,autor-video
UCtNyHmRZtvGF2hSvI2dUBWw,PjmxCj-a9Hg,2,1,0,autor-video
UCtUR3_CAiE7fCoZHM6cMfyQ,n8iP75gIpmw,1,10,0,autor-video
UCtiHFjFu7d5v2XxHnKFUYig,OkXlHx0hx-8,1,0,0,autor-video
UCtowGNY2lnlg6O2CkwDgkLg,TT4qJ5FXHYE,1,2,0,autor-video
UCtsxPYw8VUsH_FfnKg-0lmw,6W4u8sGEnGM,1,2,0,autor-video
UCu8_3-Wg-YzNyvHYQDEscfw,j43HgwYFKfk,1,2,0,autor-video
UCuP4UK33HKtJE_S39ksmaTw,PjmxCj-a9Hg,1,0,0,autor-video
UCuXmOjxC-htcprLgeVXz6Tg,j43HgwYFKfk,1,1,0,autor-video
UCueV9cTyTDwgQSec1x2dYgA,n8iP75gIpmw,1,0,0,autor-video
UCujPF2nBgsTD62nWE3lcpIg,n8iP75gIpmw,1,0,0,autor-video
UCusjriFsDHEc2AOjqk-p5ig,PjmxCj-a9Hg,1,2,0,autor-video
UCut6b9S98nv84cVX89PmKzA,n8iP75gIpmw,2,1,0,autor-video
UCvApqeCbLod-wejtT4CcVuA,n8iP75gIpmw,1,15,0,autor-video
UCvDwJBBY1mHK70aTEYl6rsA,6W4u8sGEnGM,1,1,0,autor-video
UCvcu1kR8xMYy_I1Ty-2mV2Q,WIUZtitfLRw,1,0,0,autor-video
UCvcu1kR8xMYy_I1Ty-2mV2Q,ndAZjHqzzT8,2,0,0,autor-video
UCvcu1kR8xMYy_I1Ty-2mV2Q,yLZS3JiEBg8,1,0,0,autor-video
UCvl1tzQeBeGy6efPTRJXSCw,06mFNPU0aB8,1,0,0,autor-video
UCwCfs-2zbD5k0lG-UVg_JBw,06mFNPU0aB8,1,0,0,autor-video
UCwEe1RKlEv1UpNWmWYfSh4w,yLZS3JiEBg8,1,0,0,autor-video
UCwO2SXr0ggzwg6QWWrr01nQ,n8iP75gIpmw,1,11,0,autor-video
UCwUAv3_LpWVtTIi7lkmTL7A,lj983NWyAQY,1,16,0,autor-video
UCwW2OFy95P7ZBkOPxWkpvYg,n8iP75gIpmw,2,2,0,autor-video
UCwgCc9Jd_gG-uLE_SY-FfPg,j43HgwYFKfk,1,0,0,autor-video
UCwha8rxULYMVtNwZWeSkE1A,n8iP75gIpmw,1,0,0,autor-video
UCwjUvRseNtJoItylIyIez7Q,j43HgwYFKfk,1,0,0,autor-video
UCwxoKK59nGCeBqB2sXfDBIw,6W4u8sGEnGM,1,0,1,autor-video
UCxKR3RA8T-kxMgq_2WWhRcQ,lj983NWyAQY,1,329,5,autor-video
UCxcoDvP-g2_KTZDmVZtvb3w,yLZS3JiEBg8,1,0,0,autor-video
UCxff05WuyvwELNITi7bj7UA,n8iP75gIpmw,1,3,0,autor-video
UCxhtlxPV8AYWaNNyU6S9H8Q,OkXlHx0hx-8,1,0,0,autor-video
UCyJhqmMbsvjpoarBBStA2kg,6W4u8sGEnGM,6,14,0,autor-video
UCySYJU5kUh7X8gVt9la2ISA,n8iP75gIpmw,1,0,0,autor-video
UCyW68EGZey4ao_Vf2cR5Ztg,WIUZtitfLRw,1,0,0,autor-video
UCylqlpsh8ENNM1LqgQ1KbxA,j43HgwYFKfk,2,1,0,autor-video
UCylqlpsh8ENNM1LqgQ1KbxA,n8iP75gIpmw,1,0,0,autor-video
UCyor0Mmm0ivLX2jIdyGp84Q,3Nfp9h5avBI,1,0,0,autor-video
UCyzf29IYjNw67gGIfsjgtxA,lj983NWyAQY,1,45,0,autor-video
UCz3gu01bmjNv0DpRq-K3XYg,n8iP75gIpmw,2,2,0,autor-video
UCzSfZlOVxBSs5ObD25ywxDQ,n8iP75gIpmw,1,0,0,autor-video
UCzZ6dDCEsLMXbc5pCFXIprw,6W4u8sGEnGM,1,0,0,autor-video
UCzZ6dDCEsLMXbc5pCFXIprw,PjmxCj-a9Hg,1,0,0,autor-video
UCzoL2l5H5eVlorWGH8AZfAg,n8iP75gIpmw,1,6,0,autor-video
