id,etiqueta,tipo,grado,grado_ponderado,comentarios,autores,videos,canales,likes,respuestas,author_handle,channel_name,view_count,category
UC-HeUTT6_g-VoiWds2a4H-w,@JorgeMunoz-gd9et,autor,1,1,1,,1.0,1.0,0,0,/@JorgeMunoz-gd9et,,,
UC-Iul5tDYH_oiAMXQH-KaaQ,@AlbertoMancilla-p9h,autor,1,1,1,,1.0,1.0,1,0,/@AlbertoMancilla-p9h,,,
UC-QOpE7GOxlXcHZ8b7HbQKA,@mariaalexander427,autor,1,2,2,,1.0,1.0,0,0,/@mariaalexander427,,,
UC-fiZBS5Gp1eCJd9ucgWnCg,@Tommii.10,autor,1,1,1,,1.0,1.0,6,0,/@Tommii.10,,,
UC-hfX8J5JPJ-dfuakzegMLA,@normaleticiaorozcojuarez2418,autor,1,1,1,,1.0,1.0,6,0,/@normaleticiaorozcojuarez2418,,,
UC-jS_kA9w-OmpupXDx156Rg,@simoncreyesc7579,autor,1,1,1,,1.0,1.0,2,0,/@simoncreyesc7579,,,
UC-pNP6RMFuLg_-x7Ah_0kEA,@almacatalan2717,autor,1,1,1,,1.0,1.0,5,0,/@almacatalan2717,,,
UC094EFEmMSdwVa8NQjjYBXg,@CelestinoQuej-j7k,autor,1,1,1,,1.0,1.0,0,0,/@CelestinoQuej-j7k,,,
UC0HvfEWozTHbwl_iEmJNvVA,@OttoPalencia-b7r,autor,1,1,1,,1.0,1.0,3,0,/@OttoPalencia-b7r,,,
UC0RpuMwkDKJYqgKHtsJRuWQ,@sabinamarinaguerra3248,autor,1,1,1,,1.0,1.0,113,1,/@sabinamarinaguerra3248,,,
UC0aEyakBPqcBkVJiErfSupQ,@jhonymanuel9891,autor,1,1,1,,1.0,1.0,70,0,/@jhonymanuel9891,,,
UC14qlobYKqD-DO0j6b75lcA,@megavision4488,autor,1,1,1,,1.0,1.0,0,0,/@megavision4488,,,
UC1DpqK6vaPEkBOMNvypsKYg,@HectorCarranza-u4j4o,autor,1,1,1,,1.0,1.0,0,0,/@HectorCarranza-u4j4o,,,
UC1NiEdJ7gk6FlDexIalWnGg,@BorisTebalán,autor,1,1,1,,1.0,1.0,0,0,/@BorisTebal%C3%A1n,,,
UC1WlJfQmaIskYhP4gmWoamw,@marthareiss5434,autor,1,1,1,,1.0,1.0,2,1,/@marthareiss5434,,,
UC1Y7x3h0c95Z8kUhi-Tzaeg,@rosadiaz9235,autor,1,1,1,,1.0,1.0,0,0,/@rosadiaz9235,,,
UC1vr9aaMI2crB0NvwFHUeoQ,@JoseSimilox-p6e,autor,1,1,1,,1.0,1.0,0,0,/@JoseSimilox-p6e,,,
UC2Y_EHWQKevubk4vOEBBFxw,@alfonsomorales2653,autor,1,1,1,,1.0,1.0,1,0,/@alfonsomorales2653,,,
UC2ngpd8UBQu4gcUYy0goAtg,@juliohernandez7438,autor,1,1,1,,1.0,1.0,0,0,/@juliohernandez7438,,,
UC2weSE8rpqkGMOp6StYtVfg,@katerynsantiago2907,autor,1,1,1,,1.0,1.0,1,0,/@katerynsantiago2907,,,
UC32oozucwCF3q8d4m8fyOUg,@RauldejesusOlivagonzalez,autor,1,1,1,,1.0,1.0,0,0,/@RauldejesusOlivagonzalez,,,
UC3E9mAgP7VoAE5mZoAexl5g,@EnnioAroche,autor,1,1,1,,1.0,1.0,0,0,/@EnnioAroche,,,
UC3MYTqpQqlWBuCB7Th0e0PA,@isaaclopez7220,autor,1,1,1,,1.0,1.0,4,0,/@isaaclopez7220,,,
UC3NMzdMYryaw82kPTnsaljg,@marisosa7832,autor,1,1,1,,1.0,1.0,0,0,/@marisosa7832,,,
UC3UVO7pTbeYvZ3ILEyRDskQ,@rosaelenaargueta79,autor,1,1,1,,1.0,1.0,1,0,/@rosaelenaargueta79,,,
UC3XTwHxygNCgjndsg-UiCQA,@marioajset4283,autor,1,3,3,,1.0,1.0,2,0,/@marioajset4283,,,
UC3YpzAr7pcdKC7BVFEpYzog,@carmenfigueroa1232,autor,1,1,1,,1.0,1.0,4,1,/@carmenfigueroa1232,,,
UC3iIU62XKUOWuqL8BqBzj9A,@antonioduarte2288,autor,1,1,1,,1.0,1.0,0,0,/@antonioduarte2288,,,
UC3qn1yJA5PeW9rkGPatQxiw,@VICTOREST19,autor,1,1,1,,1.0,1.0,7,0,/@VICTOREST19,,,
UC4Avya4kmR4Q0FrfFdBozSQ,@davidlima1348,autor,1,1,1,,1.0,1.0,11,0,/@davidlima1348,,,
UC4cXueR2bKGFJV0Fk76gwmA,@aluxdel4792,autor,1,1,1,,1.0,1.0,0,0,/@aluxdel4792,,,
UC4kg7zuTfqQKLd2bkZrSYBA,@zoilagarcia9019,autor,1,1,1,,1.0,1.0,0,0,/@zoilagarcia9019,,,
UC4wq3DcbfaG6dtCqn8Oyu3w,@hugoasencio7764,autor,1,1,1,,1.0,1.0,1,0,/@hugoasencio7764,,,
UC5H8ASmMC9WrURmzeB4ySog,@ManuelEdran,autor,1,5,5,,1.0,1.0,6,0,/@ManuelEdran,,,
UC5PrBbmUlQolwqmiru7yZhw,@lazarochavez8269,autor,1,1,1,,1.0,1.0,0,1,/@lazarochavez8269,,,
UC5PyGvSfFM--OVKmQ3COu6g,@FreddyGmez,autor,1,1,1,,1.0,1.0,3,0,/@FreddyGmez,,,
UC5bG9nc_JV3FsNP2KseQiYw,@giovannirodas4836,autor,1,1,1,,1.0,1.0,2,0,/@giovannirodas4836,,,
UC5fvhAfm89JH8eDFdvc0xYw,@isaidiaz2388,autor,1,1,1,,1.0,1.0,0,0,/@isaidiaz2388,,,
UC5hvEnRUzI4Kfvwnyi4QxqQ,@leonelsantizo5281,autor,1,1,1,,1.0,1.0,2,0,/@leonelsantizo5281,,,
UC5wuDq3U3vRAhOQI3D7gNdw,@allanreneramirezgonzalez534,autor,1,1,1,,1.0,1.0,2,1,/@allanreneramirezgonzalez534,,,
UC63tFvbQ_hJhGDi2nbjssjw,@AbigailRodas-w2r,autor,1,1,1,,1.0,1.0,2,0,/@AbigailRodas-w2r,,,
UC650pRT-OYzny3GwOH8Cgfw,@edvinparedesherrera7632,autor,1,1,1,,1.0,1.0,1,0,/@edvinparedesherrera7632,,,
UC6PvO1_k5lHKGdAPo5_C6TA,@johnmejia992,autor,1,1,1,,1.0,1.0,1,0,/@johnmejia992,,,
UC6Uj1FT5JjDSF8vudvDxPAA,@alfredoortega9264,autor,1,1,1,,1.0,1.0,1,0,/@alfredoortega9264,,,
UC6YSZqL0vEcI-niPKIMUGfw,@maxwellsales885,autor,1,1,1,,1.0,1.0,2,0,/@maxwellsales885,,,
UC6xI_MOaxajIWpoP8BH6E_Q,@jahirdiaz5862,autor,1,1,1,,1.0,1.0,0,0,/@jahirdiaz5862,,,
UC72gBAtyb_VXQlYDcFrh6oQ,@osmanmorales3012,autor,1,3,3,,1.0,1.0,19,0,/@osmanmorales3012,,,
UC7IMsCxfZyWN7YQo8-JYa6Q,@Burgos68,autor,1,2,2,,1.0,1.0,1,0,/@Burgos68,,,
UC7VUuJr9cGh845CmTvf7TlQ,@LuisCastillo-oz4df,autor,1,1,1,,1.0,1.0,1,0,/@LuisCastillo-oz4df,,,
UC7dadZG7kkGYnsNu6td0FbA,@lesolorzano,autor,1,1,1,,1.0,1.0,18,0,/@lesolorzano,,,
UC816IGbFCZinfYS1LRDaaHg,@ingenieroar,autor,1,1,1,,1.0,1.0,1,0,/@ingenieroar,,,
UC8F2V63KZ4ZEay6opX2hAQw,@carmenr6311,autor,1,1,1,,1.0,1.0,0,0,/@carmenr6311,,,
UC8G5cJONY8L9voMyBW8Eoug,@luisparedes-pw6qt,autor,1,1,1,,1.0,1.0,0,0,/@luisparedes-pw6qt,,,
UC8r11yOugM2NuRfitQOxLLg,@cesaraugustomoralesmonroy6907,autor,1,1,1,,1.0,1.0,1,0,/@cesaraugustomoralesmonroy6907,,,
UC8xlJWNHz1V_W6q3fbuQH8g,@NormaLópez-v7e,autor,1,1,1,,1.0,1.0,1,0,/@NormaL%C3%B3pez-v7e,,,
UC95PSMouTx2N5CbSq0hIyrQ,@lisss1908,autor,1,1,1,,1.0,1.0,0,0,/@lisss1908,,,
UC9Wp6vL5oCU37qC3Aj94WZA,@ManuelSanchez-b8q2z,autor,1,1,1,,1.0,1.0,0,0,/@ManuelSanchez-b8q2z,,,
UC9vMq1YF-e7C-VO0SHkbUTA,@ErvinLeonardoCarreraLatín,autor,1,4,4,,1.0,1.0,0,0,/@ErvinLeonardoCarreraLat%C3%ADn,,,
UC9xr9QvIcDvoZNUX5f-jaZw,@MariaaliciaColonmorales,autor,1,1,1,,1.0,1.0,0,0,/@MariaaliciaColonmorales,,,
UCA93ym2TXs_Ibyxb4Vcn-6Q,@oswaldosolis8728,autor,1,1,1,,1.0,1.0,0,0,/@oswaldosolis8728,,,
UCAKuKvcbfnBD3kF5njNu-IA,@melvinlopez7096,autor,1,1,1,,1.0,1.0,0,0,/@melvinlopez7096,,,
UCAV7QIjYhbDJaycQycM_0eQ,@mariavail8998,autor,1,1,1,,1.0,1.0,3,0,/@mariavail8998,,,
UCAlzM_N6xBlMYmM8EBzX86Q,@carlossoto3252,autor,1,1,1,,1.0,1.0,3,0,/@carlossoto3252,,,
UCAmtbUiIrUIhikru0ZoTFig,@Aura-vf6dm,autor,1,1,1,,1.0,1.0,7,0,/@Aura-vf6dm,,,
UCAxvOOHQk7dYPOajzFEVtbA,@ruddydepaz322,autor,1,2,2,,1.0,1.0,0,0,/@ruddydepaz322,,,
UCB5p8a5gklc80jJItP6xTHg,@ernestogamboa8737,autor,1,1,1,,1.0,1.0,6,0,/@ernestogamboa8737,,,
UCBlm80VQ4YoV3bUJR_XhkaQ,@rosadiaz6945,autor,1,2,2,,1.0,1.0,0,3,/@rosadiaz6945,,,
UCBtB5dIyx-C16UN8ClUD2UA,@alexmonzon4257,autor,1,1,1,,1.0,1.0,0,0,/@alexmonzon4257,,,
UCCBYcToQ2dwkd6TJh0FSyDg,@lidiarodriguez3493,autor,1,1,1,,1.0,1.0,0,0,/@lidiarodriguez3493,,,
UCCUmP4PlbwgikVFpYwbtRTg,@alhvi,autor,1,1,1,,1.0,1.0,3,0,/@alhvi,,,
UCCaYwkkbQGcvFoUmothVdQQ,@OsvaldoAguirre-l3i,autor,1,1,1,,1.0,1.0,0,0,/@OsvaldoAguirre-l3i,,,
UCDIMztpVm7G27qBuiWuT6oQ,@lizardomorataya8274,autor,1,1,1,,1.0,1.0,0,0,/@lizardomorataya8274,,,
UCDPWkUX3sNNaCx-m1dV4glA,@hectoroliva949,autor,1,1,1,,1.0,1.0,0,0,/@hectoroliva949,,,
UCDQaQv0hr2SS_PO-CMEwVHg,@federicosaquimux1933,autor,1,1,1,,1.0,1.0,1,0,/@federicosaquimux1933,,,
UCDUffaruH6dyUnUGwsTKpgg,@luisletona2842,autor,1,1,1,,1.0,1.0,2,0,/@luisletona2842,,,
UCDftMWXQoJ6nONfY7GVOVjg,@luisgpacheco5858,autor,1,1,1,,1.0,1.0,0,0,/@luisgpacheco5858,,,
UCDlr1VadSucIZgZ171pRBjQ,@cuabatzjj5924,autor,1,1,1,,1.0,1.0,0,0,/@cuabatzjj5924,,,
UCDrmf9y9nLgFY5wnA2hTuGA,@laboratorio5528,autor,1,1,1,,1.0,1.0,1,0,/@laboratorio5528,,,
UCEHXl4VvvVpq-_4xC5tsbhg,@anibalg47,autor,1,1,1,,1.0,1.0,7,0,/@anibalg47,,,
UCEgEQmRbtL5fwr9_DqAC--g,@ArielRodas-g5y,autor,1,1,1,,1.0,1.0,2,0,/@ArielRodas-g5y,,,
UCErZPJpHmLCsXs8ZWkAUupQ,@dorisl.garciaroche7763,autor,1,1,1,,1.0,1.0,2,1,/@dorisl.garciaroche7763,,,
UCFFrEmn6lPYiWyElpfzTy5Q,@denilsonlopez4083,autor,1,1,1,,1.0,1.0,0,0,/@denilsonlopez4083,,,
UCFOxCyF926Y9eHhMeVoWLzw,@arielsarc09,autor,1,1,1,,1.0,1.0,3,0,/@arielsarc09,,,
UCFUuDARXdmmIrLppEqf-rFg,@allanmunoz7410,autor,1,1,1,,1.0,1.0,0,0,/@allanmunoz7410,,,
UCFhxtoeARHPnXXPcDrOU3Xg,@diegoalejandrolopezmendez205,autor,1,1,1,,1.0,1.0,2,0,/@diegoalejandrolopezmendez205,,,
UCFjudnPLoaSL1BaRuLahyHg,@HaroldoCastillo-rh9iw,autor,1,3,3,,1.0,1.0,3,0,/@HaroldoCastillo-rh9iw,,,
UCFoIAE8k82D6AV-8gjjKaNg,@eddymunoz9789,autor,1,1,1,,1.0,1.0,1,1,/@eddymunoz9789,,,
UCFxE8GbokBrBsPEKM1xrOjQ,@JuanDavila-qd7qj,autor,1,1,1,,1.0,1.0,10,0,/@JuanDavila-qd7qj,,,
UCFybmWapGvBKcQod7cPPH9w,@vitalianochavez8382,autor,1,1,1,,1.0,1.0,1,0,/@vitalianochavez8382,,,
UCGGHbtfbbe0o68etrOf0qxw,@karensussetteleonvargas9794,autor,1,1,1,,1.0,1.0,0,0,/@karensussetteleonvargas9794,,,
UCGX_UbAQOXGZknv5iqklwTA,@ronaldgarcia8522,autor,1,1,1,,1.0,1.0,1,0,/@ronaldgarcia8522,,,
UCGZMgmM92E3njyXNe9-kjAQ,@pasionpornada,autor,1,1,1,,1.0,1.0,2,1,/@pasionpornada,,,
UCGj2v6Gl5bN8NSrzJMXS-CA,@juliogutierrez492,autor,1,1,1,,1.0,1.0,0,0,/@juliogutierrez492,,,
UCGm3gRBEHGRJYmtCryZLtDw,@JoséLopez-g6k,autor,1,1,1,,1.0,1.0,0,0,/@Jos%C3%A9Lopez-g6k,,,
UCGqKxQS-z3NZzZF-2w338AA,@samuelaguilar529,autor,1,1,1,,1.0,1.0,211,3,/@samuelaguilar529,,,
UCGzXwyCzMzGmjmCbH3Hg01Q,@FidelZacarias-ph7dy,autor,1,1,1,,1.0,1.0,2,0,/@FidelZacarias-ph7dy,,,
UCHGd14aYuZZShLD73dkk6mg,@noemiherrera3152,autor,1,1,1,,1.0,1.0,0,0,/@noemiherrera3152,,,
UCHMQ_lDhibZ-XZ_3fo6oxwg,@crislexrubi4387,autor,1,1,1,,1.0,1.0,16,0,/@crislexrubi4387,,,
UCHTGCgY2l-DQJIvlA_cpa_Q,@virgiliogarcia3039,autor,2,3,3,,2.0,2.0,14,0,/@virgiliogarcia3039,,,
UCHbwIx9pmQuf7i-4_xO2EpA,@caminoseternos752,autor,1,1,1,,1.0,1.0,0,0,/@caminoseternos752,,,
UCHhHUjaMAZ8SiXdCUCj9DkQ,@fredymendez1786,autor,1,2,2,,1.0,1.0,3,0,/@fredymendez1786,,,
UCHu8x4MVkayU6VgwVKd--MQ,@Hernandez-i1o,autor,1,1,1,,1.0,1.0,1,0,/@Hernandez-i1o,,,
UCIUhbSCy3-SGRe5UtqM4fzQ,@jeanmorales1677,autor,1,1,1,,1.0,1.0,1,0,/@jeanmorales1677,,,
UCIXLDYqR_syskKRJy_x9W9Q,@carlitosramirez4739,autor,1,1,1,,1.0,1.0,0,0,/@carlitosramirez4739,,,
UCIgoiXdIKJyUGmUoH2Lxdzg,@susievidal4134,autor,1,1,1,,1.0,1.0,3,0,/@susievidal4134,,,
UCIp19h9igblA2YKfSLPDAug,@JoseReyes-rn6sh,autor,1,1,1,,1.0,1.0,14,1,/@JoseReyes-rn6sh,,,
UCJp3OrVYcBorC94sKwdch_A,@ULJoshmg2011,autor,1,1,1,,1.0,1.0,0,0,/@ULJoshmg2011,,,
UCJxJC56BSAX-ArD0NAb9qnQ,@alfonsowilian9157,autor,1,1,1,,1.0,1.0,0,0,/@alfonsowilian9157,,,
UCKDR0f2fu2UzWL8mBv5-BHw,@mireyamorales6595,autor,1,1,1,,1.0,1.0,0,0,/@mireyamorales6595,,,
UCKVzDUqbtdSMBcexaEtMmzQ,@rotorairgroup8409,autor,1,1,1,,1.0,1.0,0,0,/@rotorairgroup8409,,,
UCL13XhnRzbGokEkCkEOb0-g,@raquelprado3643,autor,1,2,2,,1.0,1.0,8,0,/@raquelprado3643,,,
UCL1MT278vSaQ83ZDkVWn1gw,@elmorodriguez6978,autor,1,1,1,,1.0,1.0,20,0,/@elmorodriguez6978,,,
UCLFdHr9BEbXHkoJopbEPLZw,@kanterra4584,autor,1,2,2,,1.0,1.0,24,0,/@kanterra4584,,,
UCLXYp1Cvc5DLtq5UQL5D9vw,@jorgecifuentes-m5g,autor,1,1,1,,1.0,1.0,3,1,/@jorgecifuentes-m5g,,,
UCLggDc_a5HriXv7I1h02sOA,@guillermogonzalez5153,autor,1,2,2,,1.0,1.0,7,0,/@guillermogonzalez5153,,,
UCLh1Kde4_vI1sTZBkTNP7RQ,@JoelReynoso-d4r,autor,1,1,1,,1.0,1.0,0,0,/@JoelReynoso-d4r,,,
UCN2N_wYOw6fMwCeSzdXLPIw,@danielantoniogonzalezflore4901,autor,1,1,1,,1.0,1.0,0,0,/@danielantoniogonzalezflore4901,,,
UCN6qbfPSzFtjhqUDZ3Cv3CQ,@carlosmedranovelasquez6380,autor,1,1,1,,1.0,1.0,2,0,/@carlosmedranovelasquez6380,,,
UCNBnKqWf4d-rS4HwJRQljmQ,@LE_A22,autor,1,2,2,,1.0,1.0,1,0,/@LE_A22,,,
UCNIeXbV_mEwpa412h1aqUWw,@juandeleon9060,autor,1,3,3,,1.0,1.0,3,1,/@juandeleon9060,,,
UCNiMNUJvaRJb0_QLClqwVnA,@Santiago.Nolasco,autor,1,1,1,,1.0,1.0,2,0,/@Santiago.Nolasco,,,
UCNkcuy42zEwddwEcOd_HpnA,@vanigomez492,autor,1,1,1,,1.0,1.0,3,0,/@vanigomez492,,,
UCNpt5CQlTzNjlAKY6CJtClQ,@eustaquiogomez9975,autor,1,1,1,,1.0,1.0,0,0,/@eustaquiogomez9975,,,
UCO0zwwLWGyDgQmWPJ5Qrr1w,@elsalvador3605,autor,1,1,1,,1.0,1.0,3,0,/@elsalvador3605,,,
UCOARn3hnfkB7-_Rwa8Hoqcw,@nicelol5241,autor,1,1,1,,1.0,1.0,0,0,/@nicelol5241,,,
UCOLGv5Pf6BF2wFcwUzgcvHg,@welfrealdana5559,autor,1,2,2,,1.0,1.0,4,0,/@welfrealdana5559,,,
UCOLHH4ZpMxPYF-Q6e6wvn5A,@luisroldan7374,autor,1,1,1,,1.0,1.0,2,1,/@luisroldan7374,,,
UCOS8ViEkccrTZx2w2ccxotA,@OscarHernandez-q8y,autor,1,1,1,,1.0,1.0,4,0,/@OscarHernandez-q8y,,,
UCOY3XpD9qMCRSA8AA8c4CAw,@franciscorodas9686,autor,1,1,1,,1.0,1.0,1,0,/@franciscorodas9686,,,
UCOcUI5XkTYNMSFhZNMIPpGg,@hendersonlopez3864,autor,1,1,1,,1.0,1.0,3,0,/@hendersonlopez3864,,,
UCOh6DaZC_x9HASnlRylEMfw,@AndresMedina-v1s,autor,1,1,1,,1.0,1.0,0,0,/@AndresMedina-v1s,,,
UCPLW0HE3siElqCgXfgWxMqg,@elizabethmonterroso7719,autor,1,1,1,,1.0,1.0,0,0,/@elizabethmonterroso7719,,,
UCPNXmbOBVeC4HS-xemvcPtQ,@BelkisRodriguezRamirez,autor,1,1,1,,1.0,1.0,2,3,/@BelkisRodriguezRamirez,,,
UCPZueDLrCS4BmTBRMA4q0fA,@kevinochoa3695,autor,1,1,1,,1.0,1.0,1,1,/@kevinochoa3695,,,
UCQIdKuZ-OzuFqy0KjGrgesg,@lyacausa,autor,1,1,1,,1.0,1.0,1,0,/@lyacausa,,,
UCQM2tCKRRytVDRxNUfCDqQQ,@elioelias7267,autor,1,1,1,,1.0,1.0,0,0,/@elioelias7267,,,
UCQMMuADgqWUOcJpLwHOzC-g,@Ripped-Yoda,autor,1,1,1,,1.0,1.0,0,0,/@Ripped-Yoda,,,
UCQ_-LPP8JAbfkc-b1Q6NvWw,@MegaKristenstewart,autor,1,2,2,,1.0,1.0,31,0,/@MegaKristenstewart,,,
UCQgYjVngJRfPHDLGB5X6ZjA,@oscarnavas9996,autor,1,1,1,,1.0,1.0,0,0,/@oscarnavas9996,,,
UCQqetiwzzmRNTM5OWuXarGQ,@isaiaslopezvelasquez1539,autor,1,1,1,,1.0,1.0,1,0,/@isaiaslopezvelasquez1539,,,
UCQqlPPUGqAfWjd-FSh_qn7Q,@estuardoargueta137,autor,1,1,1,,1.0,1.0,0,0,/@estuardoargueta137,,,
UCQtICyzWmhC5woCtbNgaSmg,@nestormendez6216,autor,1,2,2,,1.0,1.0,5,0,/@nestormendez6216,,,
UCQtSFINs1h6GHkpg9o5kMvg,@MacarioMartinezruiz,autor,1,1,1,,1.0,1.0,12,0,/@MacarioMartinezruiz,,,
UCQyOePccUP-fIJYzchAgZYw,@aguilar4254,autor,1,1,1,,1.0,1.0,0,0,/@aguilar4254,,,
UCRAquv8el-tQ30bN7MlmySQ,@iamjimalesssa,autor,1,1,1,,1.0,1.0,4,0,/@iamjimalesssa,,,
UCRETAiYdh2dL5ZxB0_N1zDA,@Joseroland21,autor,1,1,1,,1.0,1.0,0,0,/@Joseroland21,,,
UCRcSR3Lvn9DZAmJpVPANfZQ,@WalksandSuch,autor,1,1,1,,1.0,1.0,68,0,/@WalksandSuch,,,
UCRelkU8JiZBytTzebJxaa-w,@danyraymundo2942,autor,1,1,1,,1.0,1.0,3,0,/@danyraymundo2942,,,
UCRfkkatKrNtAARnXMMYBGlA,@BernerSoza-mg3vx,autor,1,1,1,,1.0,1.0,0,0,/@BernerSoza-mg3vx,,,
UCRlCV9zSn7avAWh-9_XFWqQ,@ronyarana8849,autor,1,1,1,,1.0,1.0,1,0,/@ronyarana8849,,,
UCRvPToDkkumha7WJAfCDk1A,@ligiaguerra3057,autor,1,1,1,,1.0,1.0,0,0,/@ligiaguerra3057,,,
UCRznz9-N3Qc1w-qNdLSIY2Q,@jimmygomez724,autor,1,1,1,,1.0,1.0,14,0,/@jimmygomez724,,,
UCSTAUWVc1_82DHYeqOsqEFA,@TheAlexX_C,autor,1,1,1,,1.0,1.0,191,2,/@TheAlexX_C,,,
UCSou6a2OuYGSvPjm5psquyA,@FranciscoRivera-sf7ne,autor,1,1,1,,1.0,1.0,0,0,/@FranciscoRivera-sf7ne,,,
UCTD6q1nyIe3Y7HhqjaMj72w,@JuanChang-r6k,autor,1,1,1,,1.0,1.0,8,0,/@JuanChang-r6k,,,
UCTP3O0rMnc8z8v8jaDQwL0w,@RobertoZelaya-x1v,autor,1,1,1,,1.0,1.0,1,0,/@RobertoZelaya-x1v,,,
UCTTILH6QCIxbTnEWxwRqs1g,@3762Jorge,autor,1,1,1,,1.0,1.0,0,0,/@3762Jorge,,,
UCThW2XNsAaBKme5PUt7n-Zg,@thelmamoran8565,autor,1,1,1,,1.0,1.0,0,0,/@thelmamoran8565,,,
UCTwSut16JyAg3mX6LVUNGqA,@SuperVictor2005,autor,1,1,1,,1.0,1.0,0,0,/@SuperVictor2005,,,
UCTylKrsqkrBKIqubMu_5N0Q,@edwingeovanymarroquinmarro6684,autor,1,1,1,,1.0,1.0,1,0,/@edwingeovanymarroquinmarro6684,,,
UCUIIIPTVDVHAXqhC_5V6lPA,@gorrarota,autor,1,1,1,,1.0,1.0,0,0,/@gorrarota,,,
UCUoYsrx1oZnCZ0usbBJn4fA,@AnaDiaz-re9sq,autor,1,1,1,,1.0,1.0,1,0,/@AnaDiaz-re9sq,,,
UCV0iizTBoOfdAFX_thfI9BA,@BenjaminLarios-jd8nk,autor,1,1,1,,1.0,1.0,0,0,/@BenjaminLarios-jd8nk,,,
UCV0lM03g5fg5pbPj97-sAtA,@genarodelgado3929,autor,1,1,1,,1.0,1.0,1,0,/@genarodelgado3929,,,
UCV3fr-YOixFKCZBbJP1-X4w,@albertoshernandez5251,autor,1,5,5,,1.0,1.0,17,0,/@albertoshernandez5251,,,
UCVC2QugcI1G4RvlCiUqd1aQ,@rwdm76,autor,1,2,2,,1.0,1.0,0,0,/@rwdm76,,,
UCVQf0tzL7xRzFJsABVVULpg,@DennisseLopetegi,autor,1,1,1,,1.0,1.0,0,0,/@DennisseLopetegi,,,
UCVdjCrh4tQoX3haNAZv-n5A,@aurahernandez5646,autor,1,1,1,,1.0,1.0,3,1,/@aurahernandez5646,,,
UCVhif9eV0f8plICen2DnpKA,@blogarteplus,autor,1,1,1,,1.0,1.0,0,0,/@blogarteplus,,,
UCW-JC6lebVmf2P1dmY_L94g,@dinoraoroxon5771,autor,1,1,1,,1.0,1.0,0,0,/@dinoraoroxon5771,,,
UCW80DaMjQlEUibC98Cot-Dg,@rogeraldana4289,autor,1,1,1,,1.0,1.0,0,0,/@rogeraldana4289,,,
UCWIZUtKJ636y-4TYrNvok0g,@cesarandreas7824,autor,1,1,1,,1.0,1.0,5,0,/@cesarandreas7824,,,
UCWWkebAekppaL5b5CNlppuw,@ninettmartinez425,autor,1,1,1,,1.0,1.0,3,0,/@ninettmartinez425,,,
UCWaRixDdpgllTBf4V0jPnKQ,@hectormaaz5523,autor,1,2,2,,1.0,1.0,0,0,/@hectormaaz5523,,,
UCWoAVGVqCn4xtINCMOTM4jg,@OmarMartinez-vv8re,autor,1,1,1,,1.0,1.0,0,0,/@OmarMartinez-vv8re,,,
UCWvntqPQx99k_Z_skWKqNSA,@AntonioChiyal-x5s,autor,1,1,1,,1.0,1.0,2,1,/@AntonioChiyal-x5s,,,
UCXN2s7DwTJm33xO-pNkAdaA,@edithsan7688,autor,1,1,1,,1.0,1.0,0,0,/@edithsan7688,,,
UCXO1BBohNWXkK9SBDAG2ySg,@JBFlute92,autor,1,1,1,,1.0,1.0,0,0,/@JBFlute92,,,
UCXSkL3ejZ8qWYyF_M7s_QKA,@JacintaTzoy,autor,1,1,1,,1.0,1.0,0,0,/@JacintaTzoy,,,
UCXVLc8CmAO813ubM-fLvCDw,@herminiasaquimux7565,autor,1,1,1,,1.0,1.0,7,0,/@herminiasaquimux7565,,,
UCXXh7yg5KUFIWylTiKVEFKQ,@MrDuenderojo,autor,1,2,2,,1.0,1.0,2,0,/@MrDuenderojo,,,
UCXgr7vXlRrsaskPdo097kGA,@Rogergh-nw4oj,autor,1,1,1,,1.0,1.0,0,0,/@Rogergh-nw4oj,,,
UCXl30Y_upRqbti52fmjK4YA,@capitanfrans,autor,1,1,1,,1.0,1.0,0,0,/@capitanfrans,,,
UCXmrpc6Li0spcKxtS0Q_ptg,@melvinperez6710,autor,1,1,1,,1.0,1.0,10,0,/@melvinperez6710,,,
UCXr8_5WtGeipe4haOoQDgyQ,@amyherrera7352,autor,1,1,1,,1.0,1.0,0,0,/@amyherrera7352,,,
UCY7Hq7F9Lnucf-Yr6JkHZNw,@maynorcalel1442,autor,1,1,1,,1.0,1.0,79,0,/@maynorcalel1442,,,
UCYN4wSQ1Sx4_LurxLlW7MPg,@belarminavillatoro6474,autor,1,1,1,,1.0,1.0,0,0,/@belarminavillatoro6474,,,
UCYwpX26TrCxq8TvbKGRYLXA,@beneficioelcaminovillacana8540,autor,1,1,1,,1.0,1.0,3,0,/@beneficioelcaminovillacana8540,,,
UCZ51R_9Q9C0c8I3pAWhtmjQ,@belvettzapeta1251,autor,1,1,1,,1.0,1.0,8,0,/@belvettzapeta1251,,,
UCZFQwqh90apuL8eFhvRBkUg,@luisricardo9671,autor,1,1,1,,1.0,1.0,9,0,/@luisricardo9671,,,
UCZIQnb1fkwe39Iw2TAu-bGA,@jorgegomez2237,autor,1,1,1,,1.0,1.0,1,0,/@jorgegomez2237,,,
UCZLG9qH0tUjNhEGFIUt0CYw,@SoniaMarroquin-y6e,autor,1,1,1,,1.0,1.0,1,0,/@SoniaMarroquin-y6e,,,
UCZOmq6MwFDVoCaEl99BRRaw,@daniloarevalo3170,autor,1,1,1,,1.0,1.0,0,0,/@daniloarevalo3170,,,
UCZeIIQrGAedW8tCbKWmGY-A,@mariocordon8873,autor,1,1,1,,1.0,1.0,9,0,/@mariocordon8873,,,
UCZjm6U576nX8WOiLhmMR3bw,@MariaNavarroYT,autor,1,1,1,,1.0,1.0,3,1,/@MariaNavarroYT,,,
UC_3xuTXvMIWU5MYP9HkJ3vQ,@Historia-wm4os,autor,1,1,1,,1.0,1.0,4,0,/@Historia-wm4os,,,
UC_6KbBY1bsYXz9fwFS0eQRg,@imrcp5694,autor,1,1,1,,1.0,1.0,0,0,/@imrcp5694,,,
UC_LYoGs5C3mbZKZuKuqYCvw,@javiercifuentesarchila6041,autor,1,1,1,,1.0,1.0,7,0,/@javiercifuentesarchila6041,,,
UC_NRVt2UP88ZNTwzrZ66JSg,@aditalissethevasquezrojas8039,autor,1,1,1,,1.0,1.0,2,0,/@aditalissethevasquezrojas8039,,,
UC_ljZ1hZXR9pzexFz87P5ZA,@ChRiStOpHeR7969,autor,1,1,1,,1.0,1.0,0,0,/@ChRiStOpHeR7969,,,
UCa36MjQLoPAmgJo-R3G8WQA,@elsasalguero6914,autor,1,1,1,,1.0,1.0,3,0,/@elsasalguero6914,,,
UCaKAjTW9MVub_clgr4DRYjQ,@josecastillo4390,autor,1,1,1,,1.0,1.0,6,0,/@josecastillo4390,,,
UCaT4saRcyqCLE657Rq2hhZQ,@elmilenial4064,autor,1,1,1,,1.0,1.0,0,0,/@elmilenial4064,,,
UCaT6M2zp7X6r6Whd8Vv3kHQ,@alexarcos8349,autor,1,1,1,,1.0,1.0,1,0,/@alexarcos8349,,,
UCat2qkYvqmtDNEmo2PVuhXw,@DoraSalas-j5o,autor,1,1,1,,1.0,1.0,1,0,/@DoraSalas-j5o,,,
UCbNanjFI51cwGqMAb2rOrBw,@RosaMontesdeOca777,autor,1,1,1,,1.0,1.0,0,0,/@RosaMontesdeOca777,,,
UCbYoNG5J3Au5BqtbXogfEFw,@Luis-gn3fj,autor,1,1,1,,1.0,1.0,1,0,/@Luis-gn3fj,,,
UCbrtvygfRT6QXqWDNrOf-cA,@Alejandro00710,autor,2,2,2,,2.0,1.0,0,0,/@Alejandro00710,,,
UCcFIBN-rtC3d3hXeuN5TfWw,@DenisRMC,autor,1,1,1,,1.0,1.0,0,0,/@DenisRMC,,,
UCc_F88PzGWtA1OPNUEASulA,@rockyscarlet,autor,1,1,1,,1.0,1.0,0,0,/@rockyscarlet,,,
UCcfdg8crmMJwEuLUsAhV7yg,@RolandoRaguay,autor,1,1,1,,1.0,1.0,1,0,/@RolandoRaguay,,,
UCdFlugHJJa4l3YqWuNRmvXw,@MarcosCarillo-b1r,autor,2,2,2,,2.0,2.0,0,1,/@MarcosCarillo-b1r,,,
UCdQAuWwyC99MB7Y02Umj26Q,@miguelbran1268,autor,1,1,1,,1.0,1.0,0,0,/@miguelbran1268,,,
UCe8JZoYkX5oKUZyivHYdXhw,@FernandoGarcia-jg1fj,autor,1,1,1,,1.0,1.0,0,0,/@FernandoGarcia-jg1fj,,,
UCeDNEtI8_a42bZ47wJiJMwQ,@EdgarcalderonCalderong,autor,1,1,1,,1.0,1.0,0,0,/@EdgarcalderonCalderong,,,
UCeQk-WfEA-cJRq4EKeE7TOw,@franciscojuarez9223,autor,1,1,1,,1.0,1.0,0,0,/@franciscojuarez9223,,,
UCefAH1MbvADWUjE9WVcB9EQ,@jabriz8152,autor,1,1,1,,1.0,1.0,0,0,/@jabriz8152,,,
UCf5lnNZF7Qrtli9v4N_23WQ,@CarlosCortez-v5r,autor,1,1,1,,1.0,1.0,0,0,/@CarlosCortez-v5r,,,
UCfM3nrxtTQMY5jFx1v1J4Gg,@edgarroldan5539,autor,1,1,1,,1.0,1.0,0,0,/@edgarroldan5539,,,
UCfRqgt2O-vjzUDMZY_tnxQw,@Williams-Garcia67E,autor,1,1,1,,1.0,1.0,0,0,/@Williams-Garcia67E,,,
UCfXykdbSU97rj987LDUGfvg,@MariaSantos-c8y3h,autor,1,1,1,,1.0,1.0,1,0,/@MariaSantos-c8y3h,,,
UCfjhejO7LZy4doXURa7LZCQ,@HonwayLee-z5g,autor,1,1,1,,1.0,1.0,0,0,/@HonwayLee-z5g,,,
UCfo_yUPzy1f1POwwZxhZ06Q,@lara11roberto,autor,1,1,1,,1.0,1.0,1,0,/@lara11roberto,,,
UCg3eIfd7BrsLEqS0BLkftHA,@ErmePérez-q4s,autor,1,3,3,,1.0,1.0,0,0,/@ErmeP%C3%A9rez-q4s,,,
UCgGqw4aqMdMVSGkKiMgrJRQ,@pattyfigueroa5609,autor,1,1,1,,1.0,1.0,0,0,/@pattyfigueroa5609,,,
UCgJNFj5dnxXpcMvmuhZDPxA,@NataliaRodriguez-rx5mr,autor,1,1,1,,1.0,1.0,1,0,/@NataliaRodriguez-rx5mr,,,
UCgLrWFdYitoP-b7-PxtUr-w,@zetag,autor,1,1,1,,1.0,1.0,405,3,/@zetag,,,
UCgLurCo-e019HGODcjXHWCw,@perritojuega1,autor,1,1,1,,1.0,1.0,2,0,/@perritojuega1,,,
UCgQJgI9vu1FI2dnC9mrFthw,@srms70,autor,1,1,1,,1.0,1.0,2,0,/@srms70,,,
UCgQw_Sbq3ugruDUKsq1e0-A,@marlenareano-h4t,autor,1,1,1,,1.0,1.0,0,0,/@marlenareano-h4t,,,
UCgvw7xIdGFupzpt1Y_BFkEA,@fredygarcia9151,autor,1,1,1,,1.0,1.0,1,0,/@fredygarcia9151,,,
UCh5ESQvtzyHDhCA7XyekCFA,@andyB5280,autor,1,3,3,,1.0,1.0,4,0,/@andyB5280,,,
UChT7pzGytNd92Nmvi-zuWog,@sparkvalkov,autor,1,1,1,,1.0,1.0,1,0,/@sparkvalkov,,,
UChZknRmJkeGeQk0-mQuhDOg,@OdilioRodríguez-c5w,autor,1,1,1,,1.0,1.0,1,0,/@OdilioRodr%C3%ADguez-c5w,,,
UCheEJ5GZuIvV0fj-nXyVwXw,@rosaoliva9389,autor,1,1,1,,1.0,1.0,0,0,/@rosaoliva9389,,,
UChep9kVb5gQmpodEEl10Xlg,@carlosaguilar-kz7ml,autor,1,1,1,,1.0,1.0,0,0,/@carlosaguilar-kz7ml,,,
UChgkn5Jt5tWKYMoEOuCjz3Q,@pablochitay46,autor,1,1,1,,1.0,1.0,2,0,/@pablochitay46,,,
UChs3tU2BcKOT0CezykvAsGw,@byronpontaza,autor,1,3,3,,1.0,1.0,4,0,/@byronpontaza,,,
UChyps3dqY-VY1_wLeq-2lhw,@maydamorales4395,autor,1,1,1,,1.0,1.0,14,1,/@maydamorales4395,,,
UCi-vPdnpQreC7BkFs40mJGA,@bryansicasales4280,autor,1,1,1,,1.0,1.0,35,0,/@bryansicasales4280,,,
UCi1b_TRQfgO1Z9O2gNGGWNA,@davidisraelesquitsaquil,autor,1,2,2,,1.0,1.0,0,0,/@davidisraelesquitsaquil,,,
UCi2KiZq63sRq8Mfbcp-MelQ,@eugeneramirez4405,autor,1,6,6,,1.0,1.0,1,0,/@eugeneramirez4405,,,
UCiC-Jn7wdgyQV4_Urk0DkWQ,@pedroros6358,autor,1,1,1,,1.0,1.0,1,0,/@pedroros6358,,,
UCiGRBf2RNF0WRKhRVT7zFoA,@edwinavila4876,autor,1,1,1,,1.0,1.0,0,0,/@edwinavila4876,,,
UCiMythXHsw7eQEMykCdmMUA,@JavierBecerra-h6x,autor,1,1,1,,1.0,1.0,2,0,/@JavierBecerra-h6x,,,
UCiOZX__1gahg1ypIj0_XG_w,@mariogonzalezorellana8956,autor,1,1,1,,1.0,1.0,1,0,/@mariogonzalezorellana8956,,,
UCipetjeiWj4CZB6EbyYziZg,@OseasSamayoa-ol5rz,autor,1,1,1,,1.0,1.0,0,0,/@OseasSamayoa-ol5rz,,,
UCj-LL25XJnjxepPKCc3NGog,@anaaguirre8985,autor,1,1,1,,1.0,1.0,1,0,/@anaaguirre8985,,,
UCjJf-AJKRFFWtiN-CSwkDmA,@2jose82,autor,1,1,1,,1.0,1.0,0,0,/@2jose82,,,
UCjSKM9j0Q7HLDr1hD6D-TUw,@josehidalgo4875,autor,1,1,1,,1.0,1.0,2,0,/@josehidalgo4875,,,
UCjZgFEowMBrsjodqfovzdKw,@franciscoflores3120,autor,2,2,2,,2.0,2.0,0,0,/@franciscoflores3120,,,
UCjmPuazZJzscrwvk0QR9RVw,@mynorrodas8591,autor,1,1,1,,1.0,1.0,2,0,/@mynorrodas8591,,,
UCk4O-J1BhoqPmig1KLGJePA,@lazarobarillas3575,autor,1,1,1,,1.0,1.0,0,0,/@lazarobarillas3575,,,
UCkVtmkK07b2zaVVNssX4lOg,@HectorElias-u2l,autor,1,1,1,,1.0,1.0,0,0,/@HectorElias-u2l,,,
UCkbsS_3D-pvg1iHOld9uvIg,@gonzalo6075,autor,1,1,1,,1.0,1.0,0,0,/@gonzalo6075,,,
UCkd9W714-947dEE6ZOEBATA,@ARGELIATELON,autor,1,2,2,,1.0,1.0,3,0,/@ARGELIATELON,,,
UCkxdJ_yGN2gghOMo2ybQtXQ,@11223344An,autor,1,1,1,,1.0,1.0,1,0,/@11223344An,,,
UCl0ekS9Tt0jJGtOEM18S63w,@monkchapin,autor,1,1,1,,1.0,1.0,0,0,/@monkchapin,,,
UCld2stqxaVSk0QdGncM224A,@sarahernandez3873,autor,1,1,1,,1.0,1.0,4,0,/@sarahernandez3873,,,
UClhMWQ7XKWywYvbRnuf8QsA,@EcPerez-zz9oh,autor,1,1,1,,1.0,1.0,0,0,/@EcPerez-zz9oh,,,
UCljDbleJul41G1TzOjOZAVA,@hectorcarranza3777,autor,1,1,1,,1.0,1.0,1,0,/@hectorcarranza3777,,,
UClqA491Xa5fQcXcJJa-vTWw,@AndresLemus-k2d,autor,1,1,1,,1.0,1.0,0,0,/@AndresLemus-k2d,,,
UClsrFGJKWPxxw7MiaEdKLXw,@ericapaz5406,autor,1,1,1,,1.0,1.0,3,2,/@ericapaz5406,,,
UCmjppp6ujz3SAnULvP3sZMw,@marcomendez7509,autor,1,1,1,,1.0,1.0,0,0,/@marcomendez7509,,,
UCmvOgzmmXbjUthHy-WJ52hQ,@mariorodas593,autor,1,1,1,,1.0,1.0,1,0,/@mariorodas593,,,
UCnU8wO1OurAmGstDw6VGjgQ,@cmorera21,autor,1,1,1,,1.0,1.0,0,0,/@cmorera21,,,
UCoGdCoJg2Lh0OX_jv6cG16g,@Israel-u5i7i,autor,1,2,2,,1.0,1.0,2,0,/@Israel-u5i7i,,,
UColMq7LmaoY3MT6aIDGrGvA,@quijotachapina1,autor,1,1,1,,1.0,1.0,0,0,/@quijotachapina1,,,
UCozFYHN0e_-vlQbX3wQGOug,@jesusguzman2321,autor,1,1,1,,1.0,1.0,5,2,/@jesusguzman2321,,,
UCp29O_C7cchZV8IxV7Crdag,@robertoescobar5507,autor,1,2,2,,1.0,1.0,0,0,/@robertoescobar5507,,,
UCp4iw5_5SmV9VGTFSNVGOmQ,@CARLOSSTREMS51,autor,1,1,1,,1.0,1.0,0,0,/@CARLOSSTREMS51,,,
UCpIdtvoFHVLGASGB5ySqIEA,@VidalVillatoro-p4w,autor,1,1,1,,1.0,1.0,1,0,/@VidalVillatoro-p4w,,,
UCp_dAUfv8i3LW3zWc24dLaQ,@MarioCortez-o6v,autor,1,1,1,,1.0,1.0,1,0,/@MarioCortez-o6v,,,
UCpe5jW3MIqkgTJ-PgkzvM6Q,@carloslam5333,autor,1,1,1,,1.0,1.0,1,0,/@carloslam5333,,,
UCpl8rF8uv_8uui-QRvuJaRA,@SergioGarcia-z9c,autor,1,1,1,,1.0,1.0,0,0,/@SergioGarcia-z9c,,,
UCplrIQtaPj6au60_f2-mOYw,@romeolopezherrarte799,autor,1,1,1,,1.0,1.0,0,0,/@romeolopezherrarte799,,,
UCpsKOkt5iWTbenzeuq7dsmQ,@inge_vergueta,autor,3,3,3,,3.0,1.0,4,0,/@inge_vergueta,,,
UCq3mDTTRZnUybct5M9OSXbg,@MacoMorales-i2i2d,autor,1,1,1,,1.0,1.0,1,0,/@MacoMorales-i2i2d,,,
UCqCrvuoJpC-aVb0f4logQRQ,@Lyrics_GT,autor,1,1,1,,1.0,1.0,0,0,/@Lyrics_GT,,,
UCqilIa8r7iek5sGYg_q6ofA,@rolandojuchuna484,autor,1,1,1,,1.0,1.0,52,1,/@rolandojuchuna484,,,
UCql1n3Ey6ULMSOACjMe-fxQ,@RolandoGonzalez-o7g,autor,1,1,1,,1.0,1.0,6,7,/@RolandoGonzalez-o7g,,,
UCr1emrogPKkKTs_WTtx71xg,@domingopeneleu6457,autor,1,1,1,,1.0,1.0,0,0,/@domingopeneleu6457,,,
UCrJn_rbo_ENAdeqneS-RmRw,@josecarrera9623,autor,1,2,2,,1.0,1.0,1,0,/@josecarrera9623,,,
UCrqXyRsg-_hTosURZ-uvoKg,@flornolberto2425,autor,1,1,1,,1.0,1.0,0,0,/@flornolberto2425,,,
UCsGoJEvb-cFPZ2rWoJcXzEQ,@sergiohinestroza9709,autor,1,1,1,,1.0,1.0,10,0,/@sergiohinestroza9709,,,
UCsJJAvrVGupdmhOqgtDp8dg,@nestorlorenzana1168,autor,1,1,1,,1.0,1.0,1,0,/@nestorlorenzana1168,,,
UCsSXdJct-nsS8DsABoEsaYA,@IvánPérez-j4j,autor,1,1,1,,1.0,1.0,2,1,/@Iv%C3%A1nP%C3%A9rez-j4j,,,
UCsUCN0Yq_UyTvKjOJLmNrnQ,@moisesvaldez4043,autor,2,2,2,,2.0,2.0,0,0,/@moisesvaldez4043,,,
UCs_5qeqdku9tGAq22y3OcuQ,@alexandrevasquez4135,autor,1,1,1,,1.0,1.0,4,0,/@alexandrevasquez4135,,,
UCsjs5Hp_r86x1xbK6FAeqaA,@alvaroesquivel563,autor,1,1,1,,1.0,1.0,2,0,/@alvaroesquivel563,,,
UCtCtts20bW6F9CSohau51Iw,@carlosgranados9875,autor,1,2,2,,1.0,1.0,0,0,/@carlosgranados9875,,,
UCtMBF_1O2jY2INlb_luuB_A,@mynorgudiel8646,autor,1,1,1,,1.0,1.0,15,0,/@mynorgudiel8646,,,
UCtNfIBnc5S5DbbQj_yxgJTw,@JosueRamirez-ey3ih,autor,1,1,1,,1.0,1.0,1,0,/@JosueRamirez-ey3ih,,,
UCtNyHmRZtvGF2hSvI2dUBWw,@aureliomaldonado4793,autor,1,2,2,,1.0,1.0,1,0,/@aureliomaldonado4793,,,
UCtUR3_CAiE7fCoZHM6cMfyQ,@mdelcid01,autor,1,1,1,,1.0,1.0,10,0,/@mdelcid01,,,
UCtiHFjFu7d5v2XxHnKFUYig,@Paul-gf7ec,autor,1,1,1,,1.0,1.0,0,0,/@Paul-gf7ec,,,
UCtowGNY2lnlg6O2CkwDgkLg,@taniagabrielacelis8434,autor,1,1,1,,1.0,1.0,2,0,/@taniagabrielacelis8434,,,
UCtsxPYw8VUsH_FfnKg-0lmw,@AlejandroPérez-b6r,autor,1,1,1,,1.0,1.0,2,0,/@AlejandroP%C3%A9rez-b6r,,,
UCu8_3-Wg-YzNyvHYQDEscfw,@RolandoCastroPérez-d7y,autor,1,1,1,,1.0,1.0,2,0,/@RolandoCastroP%C3%A9rez-d7y,,,
UCuP4UK33HKtJE_S39ksmaTw,@herbertaguilar1387,autor,1,1,1,,1.0,1.0,0,0,/@herbertaguilar1387,,,
UCuXmOjxC-htcprLgeVXz6Tg,@jorgeaguilar-bq3uj,autor,1,1,1,,1.0,1.0,1,0,/@jorgeaguilar-bq3uj,,,
UCueV9cTyTDwgQSec1x2dYgA,@fredydomingo7062,autor,1,1,1,,1.0,1.0,0,0,/@fredydomingo7062,,,
UCujPF2nBgsTD62nWE3lcpIg,@victorarturoruanobautista7588,autor,1,1,1,,1.0,1.0,0,0,/@victorarturoruanobautista7588,,,
UCusjriFsDHEc2AOjqk-p5ig,@pablobarrios7931,autor,1,1,1,,1.0,1.0,2,0,/@pablobarrios7931,,,
UCut6b9S98nv84cVX89PmKzA,@yeniferaguirre4498,autor,1,2,2,,1.0,1.0,1,0,/@yeniferaguirre4498,,,
UCvApqeCbLod-wejtT4CcVuA,@davidgaher9550,autor,1,1,1,,1.0,1.0,15,0,/@davidgaher9550,,,
UCvDwJBBY1mHK70aTEYl6rsA,@cristianescobedo8296,autor,1,1,1,,1.0,1.0,1,0,/@cristianescobedo8296,,,
UCvcu1kR8xMYy_I1Ty-2mV2Q,@hashojea7348,autor,3,4,4,,3.0,1.0,0,0,/@hashojea7348,,,
UCvl1tzQeBeGy6efPTRJXSCw,@RaulPerez-cw2vi,autor,1,1,1,,1.0,1.0,0,0,/@RaulPerez-cw2vi,,,
UCwCfs-2zbD5k0lG-UVg_JBw,@JessicaHuaz-96,autor,1,1,1,,1.0,1.0,0,0,/@JessicaHuaz-96,,,
UCwEe1RKlEv1UpNWmWYfSh4w,@marioramirez299,autor,1,1,1,,1.0,1.0,0,0,/@marioramirez299,,,
UCwO2SXr0ggzwg6QWWrr01nQ,@ricardofigueroa5720,autor,1,1,1,,1.0,1.0,11,0,/@ricardofigueroa5720,,,
UCwUAv3_LpWVtTIi7lkmTL7A,@kingr4706,autor,1,1,1,,1.0,1.0,16,0,/@kingr4706,,,
UCwW2OFy95P7ZBkOPxWkpvYg,@TeresaLucero-b5o,autor,1,2,2,,1.0,1.0,2,0,/@TeresaLucero-b5o,,,
UCwgCc9Jd_gG-uLE_SY-FfPg,@armindapenados2841,autor,1,1,1,,1.0,1.0,0,0,/@armindapenados2841,,,
UCwha8rxULYMVtNwZWeSkE1A,@mariasamo8637,autor,1,1,1,,1.0,1.0,0,0,/@mariasamo8637,,,
UCwjUvRseNtJoItylIyIez7Q,@Silviazea,autor,1,1,1,,1.0,1.0,0,0,/@Silviazea,,,
UCwxoKK59nGCeBqB2sXfDBIw,@vic-bonivideos,autor,1,1,1,,1.0,1.0,0,1,/@vic-bonivideos,,,
UCxKR3RA8T-kxMgq_2WWhRcQ,@elenaluarca9377,autor,1,1,1,,1.0,1.0,329,5,/@elenaluarca9377,,,
UCxcoDvP-g2_KTZDmVZtvb3w,@angelmartinez9523,autor,1,1,1,,1.0,1.0,0,0,/@angelmartinez9523,,,
UCxff05WuyvwELNITi7bj7UA,@markoherrera,autor,1,1,1,,1.0,1.0,3,0,/@markoherrera,,,
UCxhtlxPV8AYWaNNyU6S9H8Q,@WilR-s8r,autor,1,1,1,,1.0,1.0,0,0,/@WilR-s8r,,,
UCyJhqmMbsvjpoarBBStA2kg,@Murmullodelbarrio,autor,1,6,6,,1.0,1.0,14,0,/@Murmullodelbarrio,,,
UCySYJU5kUh7X8gVt9la2ISA,@dantesarti4351,autor,1,1,1,,1.0,1.0,0,0,/@dantesarti4351,,,
UCyW68EGZey4ao_Vf2cR5Ztg,@ZabalaXabier,autor,1,1,1,,1.0,1.0,0,0,/@ZabalaXabier,,,
UCylqlpsh8ENNM1LqgQ1KbxA,@Jel.Awesh.M,autor,2,3,3,,2.0,1.0,1,0,/@Jel.Awesh.M,,,
UCyor0Mmm0ivLX2jIdyGp84Q,@MiguelJordan-n3g,autor,1,1,1,,1.0,1.0,0,0,/@MiguelJordan-n3g,,,
UCyzf29IYjNw67gGIfsjgtxA,@carlosoliva9249,autor,1,1,1,,1.0,1.0,45,0,/@carlosoliva9249,,,
UCz3gu01bmjNv0DpRq-K3XYg,@eusebiovasquez4385,autor,1,2,2,,1.0,1.0,2,0,/@eusebiovasquez4385,,,
UCzSfZlOVxBSs5ObD25ywxDQ,@GilmarMaldonado-q9m,autor,1,1,1,,1.0,1.0,0,0,/@GilmarMaldonado-q9m,,,
UCzZ6dDCEsLMXbc5pCFXIprw,@josegil3813,autor,2,2,2,,2.0,1.0,0,0,/@josegil3813,,,
UCzoL2l5H5eVlorWGH8AZfAg,@jor77cas,autor,1,1,1,,1.0,1.0,6,0,/@jor77cas,,,
06mFNPU0aB8,Capturan a presuntos delincuentes disfrazados de mujer señalados de cometer asalto,video,13,14,14,13.0,,,12,1,,Noti7,6692.0,News & Politics
3Nfp9h5avBI,"Noticiero en Directo 1 pm, 28 de Agosto de 2026",video,2,2,2,2.0,,,0,0,,Noticiero Guatevisión 13 Hrs.,573.0,News & Politics
6W4u8sGEnGM,Inician los trabajos de recuperación del Puente Belice II.,video,32,45,45,32.0,,,90,11,,Gobierno de la República de Guatemala,11670.0,Entertainment
JkpVO1hx2f8,10 Preguntas a un año del Paro Nacional,video,3,3,3,3.0,,,4,0,,Quorum,673.0,News & Politics
OkXlHx0hx-8,EE.UU. envía a mexicanos deportados a Guatemala antes de su regreso a México | Noticias Telemundo,video,18,25,25,18.0,,,25,13,,Noticias Telemundo,14200.0,News & Politics
PjmxCj-a9Hg,Conferencia de Prensa del Gobierno de Guatemala. #LaRondaGt,video,19,25,25,19.0,,,20,4,,Gobierno de la República de Guatemala,3628.0,Entertainment
TT4qJ5FXHYE,"I’x K’at: el primer equipo guatemalteco de pelota maya, conformado únicamente por mujeres.",video,4,4,4,4.0,,,8,0,,Quorum,1075.0,News & Politics
UhL9y3KUl8E,SHAI WA: la vecina queer de Casa Presidencial,video,1,1,1,1.0,,,2,0,,Quorum,1755.0,News & Politics
WIUZtitfLRw,Caminar en una ciudad hecha para carros,video,6,6,6,6.0,,,1,0,,Quorum,422.0,News & Politics
X_FAIef8qlE,Cruzando la ciudad a puro Transmetro,video,1,1,1,1.0,,,0,0,,Quorum,1140.0,News & Politics
b_Hkrkl3adA,Bloqueos en Guatemala este 31 de agosto por alza en combustibles afectan rutas principales,video,7,7,7,7.0,,,1,1,,PrensaLibreOficial,5469.0,News & Politics
is3Mk5oC19g,Capturan a ladrón que había quedado grabado mientras robaba en una parroquia de Retalhuleu,video,7,7,7,7.0,,,0,1,,TN23 Guatemala,4616.0,News & Politics
j43HgwYFKfk,La cooptación de Walter Mazariegos en la USAC,video,49,50,50,49.0,,,91,0,,Quorum,10156.0,News & Politics
lj983NWyAQY,Plan 2032 Ciudad de Guatemala,video,25,25,25,25.0,,,1697,16,,Municipalidad de Guatemala,304089.0,News & Politics
n8iP75gIpmw,Qué rico come tu diputado,video,128,161,161,128.0,,,358,3,,Quorum,11775.0,News & Politics
ndAZjHqzzT8,Internet: escoger el menos malo,video,10,12,12,10.0,,,3,1,,Quorum,717.0,News & Politics
s0eco-BofOs,¿Quiénes pagan más en Centroamérica?,video,1,1,1,1.0,,,0,0,,Quorum,220.0,News & Politics
yLZS3JiEBg8,Arroz con pollo a la MONOPOLIO,video,16,16,16,16.0,,,13,0,,Quorum,1954.0,News & Politics
zweosulrwA8,Edén por Salud: empleo inclusivo para personas con discapacidad en Antigua | Super - Episodio 2,video,1,1,1,1.0,,,0,0,,Quorum,52.0,Nonprofits & Activism
